baseline_year,variable,treated_mean,control_mean,difference,ratio
2015,employment,9684.2,22156.4,-12472.2,0.4370836417468542
2015,wages,168954875.6,403521230.0,-234566354.4,0.4187013297912479
2015,establishments,612.2,1545.2,-933.0,0.39619466735697645
