term,relative_year,estimate,std_error,p_value,ci_low,ci_high
event_m4,-4,0.013710930970424128,,,,
event_m3,-3,0.032223291934917186,,,,
event_m2,-2,0.0343284551003165,,,,
event_p0,0,-0.010372035148725464,,,,
event_p1,1,0.007189947940698086,,,,
event_p2,2,-0.006519213679700947,,,,
event_p3,3,-0.004399930539976602,,,,
