term,estimate,std_error,p_value,nobs
endogenous_labor_demand,2.100445611247333,0.6444105814065787,0.001116153008380305,90
