outcome,term,estimate,std_error,p_value,mean_treated_bite,nobs
log_employment,post_x_bite,-0.02667322486277524,0.0027557286841341164,3.6962843752860483e-22,1.0485863579873664,90
log_establishments,post_x_bite,0.003364434848040317,0.0020613022124295636,0.10263967209751652,1.0485863579873664,90
log_emp_per_establishment,post_x_bite,-0.030037659710816154,0.000694426471705194,0.0,1.0485863579873664,90
log_avg_annual_pay,post_x_bite,0.0285033639625136,0.00045558824706903286,0.0,1.0485863579873664,90
