placebo_year,estimate,std_error,p_value,warning
2015,1.5163294952306379,0.0007275693333072666,0.0,True
2016,-0.007154616519484632,,,True
2017,-0.02007750807086906,,,True
