placebo_unit,post_mean_gap,pre_rmspe,post_rmspe,permutation_p_value
34005,-0.11439634828565914,0.12891756802614482,0.1149991130153695,0.8888888888888888
34007,0.9131370972631523,0.8684727663583005,0.9137739692483317,0.8888888888888888
34015,-0.84492799466415,0.9756926554882231,0.846184167552122,0.8888888888888888
34021,0.20949618297682732,0.27648682744110786,0.21148281099218785,0.8888888888888888
34041,-1.7067595923647603,1.6050067683888722,1.7072808783994722,0.8888888888888888
42017,0.08510920500577086,0.035235000851797996,0.09168956736481758,0.8888888888888888
42045,-0.36288317063323633,0.389337368920876,0.363441392783982,0.8888888888888888
42095,-0.20554917668458791,0.2586247946381873,0.2063938708938218,0.8888888888888888
42101,1.2114393871476175,1.3121186391749753,1.213803591034322,0.8888888888888888
