year,treated,synthetic
2015,9.428591977209965,9.556623063880403
2016,9.454540665816003,9.592112498522575
2017,9.468233115617211,9.602457730579816
2018,9.514215624322715,9.628866144657273
2019,9.508962384466297,9.642366609826993
2020,9.232101863757695,9.335606320426903
2021,9.365975663507632,9.466432117100295
2022,9.475700145423472,9.59273905194726
2023,9.517310233335248,9.634887932617188
