donor_unit,weight
34007,0.0
34015,0.0475578576985731
34021,0.24744818199325957
34041,0.0
42017,0.18911480095640334
42045,0.03870378032937756
42095,0.3293821650497983
42101,0.14779321397258804
